{
  "IcoMoonType": "selection",
  "icons": [
    {
      "icon": {
        "paths": [
          "M0 512v512h512c-282.77 0-512-229.23-512-512v0zM512 0h-512v512c0-282.77 229.23-512 512-512v0zM512 0c282.77 0 512 229.23 512 512v0-512zM512 1024h512v-512c0 282.77-229.23 512-512 512v0z"
        ],
        "attrs": [
          {}
        ],
        "isMulticolor": false,
        "isMulticolor2": false,
        "grid": 0,
        "tags": [
          "dot-circle-04"
        ]
      },
      "attrs": [
        {}
      ],
      "properties": {
        "order": 57,
        "id": 57,
        "name": "dot-circle-04",
        "prevSize": 32,
        "code": 59693
      },
      "setIdx": 0,
      "setId": 2,
      "iconIdx": 0
    },
    {
      "icon": {
        "paths": [
          "M0 0v1024c0-565.54 458.46-1024 1024-1024v0z"
        ],
        "attrs": [
          {}
        ],
        "isMulticolor": false,
        "isMulticolor2": false,
        "grid": 0,
        "tags": [
          "dot-circle-05"
        ]
      },
      "attrs": [
        {}
      ],
      "properties": {
        "order": 58,
        "id": 56,
        "name": "dot-circle-05",
        "prevSize": 32,
        "code": 59694
      },
      "setIdx": 0,
      "setId": 2,
      "iconIdx": 1
    },
    {
      "icon": {
        "paths": [
          "M1024 0h-1024c565.54 0 1024 458.46 1024 1024v0z"
        ],
        "attrs": [
          {}
        ],
        "isMulticolor": false,
        "isMulticolor2": false,
        "grid": 0,
        "tags": [
          "dot-circle-06"
        ]
      },
      "attrs": [
        {}
      ],
      "properties": {
        "order": 59,
        "id": 55,
        "name": "dot-circle-06",
        "prevSize": 32,
        "code": 59695
      },
      "setIdx": 0,
      "setId": 2,
      "iconIdx": 2
    },
    {
      "icon": {
        "paths": [
          "M1024 1024v-1024c0 565.54-458.46 1024-1024 1024v0z"
        ],
        "attrs": [
          {}
        ],
        "isMulticolor": false,
        "isMulticolor2": false,
        "grid": 0,
        "tags": [
          "dot-circle-07"
        ]
      },
      "attrs": [
        {}
      ],
      "properties": {
        "order": 60,
        "id": 54,
        "name": "dot-circle-07",
        "prevSize": 32,
        "code": 59696
      },
      "setIdx": 0,
      "setId": 2,
      "iconIdx": 3
    },
    {
      "icon": {
        "paths": [
          "M0 1024h1024c-565.54 0-1024-458.46-1024-1024v0z"
        ],
        "attrs": [
          {}
        ],
        "isMulticolor": false,
        "isMulticolor2": false,
        "grid": 0,
        "tags": [
          "dot-circle-08"
        ]
      },
      "attrs": [
        {}
      ],
      "properties": {
        "order": 61,
        "id": 53,
        "name": "dot-circle-08",
        "prevSize": 32,
        "code": 59697
      },
      "setIdx": 0,
      "setId": 2,
      "iconIdx": 4
    },
    {
      "icon": {
        "paths": [
          "M0 0l512 512 512-512c-131.020 131.058-312.043 212.123-512 212.123s-380.979-81.064-511.998-212.12l-0.002-0.002z",
          "M1024 1024l-512-512-512 512c131.020-131.058 312.043-212.123 512-212.123s380.979 81.064 511.998 212.12l0.002 0.002z"
        ],
        "attrs": [
          {},
          {}
        ],
        "isMulticolor": false,
        "isMulticolor2": false,
        "grid": 0,
        "tags": [
          "dot-circle-09"
        ]
      },
      "attrs": [
        {},
        {}
      ],
      "properties": {
        "order": 62,
        "id": 52,
        "name": "dot-circle-09",
        "prevSize": 32,
        "code": 59698
      },
      "setIdx": 0,
      "setId": 2,
      "iconIdx": 5
    },
    {
      "icon": {
        "paths": [
          "M1024 0l-512 512 512 512c-131.058-131.020-212.123-312.043-212.123-512s81.064-380.979 212.12-511.998l0.002-0.002z",
          "M0 1024l512-512-512-512c131.058 131.020 212.123 312.043 212.123 512s-81.064 380.979-212.12 511.998l-0.002 0.002z"
        ],
        "attrs": [
          {},
          {}
        ],
        "isMulticolor": false,
        "isMulticolor2": false,
        "grid": 0,
        "tags": [
          "dot-circle-10"
        ]
      },
      "attrs": [
        {},
        {}
      ],
      "properties": {
        "order": 63,
        "id": 51,
        "name": "dot-circle-10",
        "prevSize": 32,
        "code": 59699
      },
      "setIdx": 0,
      "setId": 2,
      "iconIdx": 6
    },
    {
      "icon": {
        "paths": [
          "M512 512c0 282.77 229.23 512 512 512v0-1024c-282.77 0-512 229.23-512 512v0z",
          "M512 512c0-282.77-229.23-512-512-512v0 1024c282.77 0 512-229.23 512-512v0z"
        ],
        "attrs": [
          {},
          {}
        ],
        "isMulticolor": false,
        "isMulticolor2": false,
        "grid": 0,
        "tags": [
          "dot-circle-11"
        ]
      },
      "attrs": [
        {},
        {}
      ],
      "properties": {
        "order": 64,
        "id": 50,
        "name": "dot-circle-11",
        "prevSize": 32,
        "code": 59700
      },
      "setIdx": 0,
      "setId": 2,
      "iconIdx": 7
    },
    {
      "icon": {
        "paths": [
          "M512 512c-282.77 0-512 229.23-512 512v0h1024c0-282.77-229.23-512-512-512v0z",
          "M512 512c282.77 0 512-229.23 512-512v0h-1024c0 282.77 229.23 512 512 512v0z"
        ],
        "attrs": [
          {},
          {}
        ],
        "isMulticolor": false,
        "isMulticolor2": false,
        "grid": 0,
        "tags": [
          "dot-circle-12"
        ]
      },
      "attrs": [
        {},
        {}
      ],
      "properties": {
        "order": 65,
        "id": 49,
        "name": "dot-circle-12",
        "prevSize": 32,
        "code": 59701
      },
      "setIdx": 0,
      "setId": 2,
      "iconIdx": 8
    },
    {
      "icon": {
        "paths": [
          "M0 0v1024c178.109-104.033 295.885-294.256 295.936-511.992l0-0.008c-0.051-217.744-117.827-407.967-293.139-510.489l-2.797-1.511z",
          "M1024 1024v-1024c-178.157 103.989-295.963 294.237-295.963 512s117.806 408.011 293.164 510.489l2.799 1.511z"
        ],
        "attrs": [
          {},
          {}
        ],
        "isMulticolor": false,
        "isMulticolor2": false,
        "grid": 0,
        "tags": [
          "dot-circle-13"
        ]
      },
      "attrs": [
        {},
        {}
      ],
      "properties": {
        "order": 66,
        "id": 48,
        "name": "dot-circle-13",
        "prevSize": 32,
        "code": 59702
      },
      "setIdx": 0,
      "setId": 2,
      "iconIdx": 9
    },
    {
      "icon": {
        "paths": [
          "M1024 0h-1024c104.033 178.109 294.256 295.885 511.992 295.936l0.008 0c217.744-0.051 407.967-117.827 510.489-293.139l1.511-2.797z",
          "M0 1024h1024c-103.989-178.157-294.237-295.963-512-295.963s-408.011 117.806-510.489 293.164l-1.511 2.799z"
        ],
        "attrs": [
          {},
          {}
        ],
        "isMulticolor": false,
        "isMulticolor2": false,
        "grid": 0,
        "tags": [
          "dot-circle-14"
        ]
      },
      "attrs": [
        {},
        {}
      ],
      "properties": {
        "order": 67,
        "id": 47,
        "name": "dot-circle-14",
        "prevSize": 32,
        "code": 59703
      },
      "setIdx": 0,
      "setId": 2,
      "iconIdx": 10
    },
    {
      "icon": {
        "paths": [
          "M512 367.36c-281.6 0-512-164.352-512-367.36 0 282.77 229.23 512 512 512v0c282.77 0 512-229.23 512-512v0c0 203.008-230.4 367.36-512 367.36z",
          "M512 656.64c281.6 0 512 164.608 512 367.36 0-282.77-229.23-512-512-512s-512 229.23-512 512v0c0-203.008 230.4-367.36 512-367.36z"
        ],
        "attrs": [
          {},
          {}
        ],
        "isMulticolor": false,
        "isMulticolor2": false,
        "grid": 0,
        "tags": [
          "dot-circle-15"
        ]
      },
      "attrs": [
        {},
        {}
      ],
      "properties": {
        "order": 68,
        "id": 46,
        "name": "dot-circle-15",
        "prevSize": 32,
        "code": 59704
      },
      "setIdx": 0,
      "setId": 2,
      "iconIdx": 11
    },
    {
      "icon": {
        "paths": [
          "M656.64 512c0-281.6 164.352-512 367.36-512-282.77 0-512 229.23-512 512s229.23 512 512 512v0c-203.008 0-367.36-230.4-367.36-512z",
          "M367.36 512c0 281.6-164.352 512-367.36 512 282.77 0 512-229.23 512-512v0c0-282.77-229.23-512-512-512v0c203.008 0 367.36 230.4 367.36 512z"
        ],
        "attrs": [
          {},
          {}
        ],
        "isMulticolor": false,
        "isMulticolor2": false,
        "grid": 0,
        "tags": [
          "dot-circle-16"
        ]
      },
      "attrs": [
        {},
        {}
      ],
      "properties": {
        "order": 69,
        "id": 45,
        "name": "dot-circle-16",
        "prevSize": 32,
        "code": 59705
      },
      "setIdx": 0,
      "setId": 2,
      "iconIdx": 12
    },
    {
      "icon": {
        "paths": [
          "M310.784 256l189.952-189.952c7.010-7.010 11.346-16.695 11.346-27.392 0-21.394-17.344-38.738-38.738-38.738-10.697 0-20.382 4.336-27.392 11.346l-189.952 189.952-189.952-189.952c-7.010-7.010-16.695-11.346-27.392-11.346-21.394 0-38.738 17.344-38.738 38.738 0 10.697 4.336 20.382 11.346 27.392l189.952 189.952-189.952 189.952c-7.010 7.010-11.346 16.695-11.346 27.392 0 21.394 17.344 38.738 38.738 38.738 10.697 0 20.382-4.336 27.392-11.346l189.952-189.952 189.952 189.952c7.010 7.010 16.695 11.346 27.392 11.346 21.394 0 38.738-17.344 38.738-38.738 0-10.697-4.336-20.382-11.346-27.392v0zM822.784 256l189.952-189.952c7.010-7.010 11.346-16.695 11.346-27.392 0-21.394-17.344-38.738-38.738-38.738-10.697 0-20.382 4.336-27.392 11.346l-189.952 189.952-189.952-189.952c-7.010-7.010-16.695-11.346-27.392-11.346-21.394 0-38.738 17.344-38.738 38.738 0 10.697 4.336 20.382 11.346 27.392l189.952 189.952-189.952 189.952c-7.010 7.010-11.346 16.695-11.346 27.392 0 21.394 17.344 38.738 38.738 38.738 10.697 0 20.382-4.336 27.392-11.346v0l189.952-189.952 189.952 189.952c7.010 7.010 16.695 11.346 27.392 11.346 21.394 0 38.738-17.344 38.738-38.738 0-10.697-4.336-20.382-11.346-27.392v0zM310.784 768l189.952-189.952c7.010-7.010 11.346-16.695 11.346-27.392 0-21.394-17.344-38.738-38.738-38.738-10.697 0-20.382 4.336-27.392 11.346v0l-189.952 189.952-189.952-189.952c-7.010-7.010-16.695-11.346-27.392-11.346-21.394 0-38.738 17.344-38.738 38.738 0 10.697 4.336 20.382 11.346 27.392l189.952 189.952-189.952 189.952c-7.010 7.010-11.346 16.695-11.346 27.392 0 21.394 17.344 38.738 38.738 38.738 10.697 0 20.382-4.336 27.392-11.346l189.952-189.952 189.952 189.952c7.010 7.010 16.695 11.346 27.392 11.346 21.394 0 38.738-17.344 38.738-38.738 0-10.697-4.336-20.382-11.346-27.392v0zM1012.736 523.264c-7.001-7.030-16.689-11.38-27.392-11.38s-20.391 4.35-27.391 11.379l-0.001 0.001-189.952 189.952-189.952-189.952c-7.010-7.010-16.695-11.346-27.392-11.346-21.394 0-38.738 17.344-38.738 38.738 0 10.697 4.336 20.382 11.346 27.392v0l189.952 189.952-189.952 189.952c-7.010 7.010-11.346 16.695-11.346 27.392 0 21.394 17.344 38.738 38.738 38.738 10.697 0 20.382-4.336 27.392-11.346v0l189.952-189.952 189.952 189.952c7.010 7.010 16.695 11.346 27.392 11.346 21.394 0 38.738-17.344 38.738-38.738 0-10.697-4.336-20.382-11.346-27.392v0l-189.952-189.952 189.952-189.952c7.030-7.001 11.38-16.689 11.38-27.392s-4.35-20.391-11.379-27.391l-0.001-0.001z"
        ],
        "attrs": [
          {}
        ],
        "isMulticolor": false,
        "isMulticolor2": false,
        "grid": 0,
        "tags": [
          "knit-dot_11"
        ]
      },
      "attrs": [
        {}
      ],
      "properties": {
        "order": 70,
        "id": 44,
        "name": "knit-dot_11",
        "prevSize": 32,
        "code": 59679
      },
      "setIdx": 0,
      "setId": 2,
      "iconIdx": 13
    },
    {
      "icon": {
        "paths": [
          "M330.496 10.752c-6.621-6.397-15.65-10.339-25.6-10.339s-18.979 3.942-25.611 10.349l0.011-0.010-108.544 107.776-107.776-107.776c-5.797-3.978-12.966-6.353-20.689-6.353-20.359 0-36.864 16.505-36.864 36.864 0 7.723 2.375 14.892 6.434 20.815l-0.081-0.126 106.752 108.8-107.776 107.776c-3.978 5.797-6.353 12.966-6.353 20.689 0 20.359 16.505 36.864 36.864 36.864 7.723 0 14.892-2.375 20.815-6.434l-0.126 0.081 108.8-107.008 107.776 107.776c5.797 3.978 12.966 6.353 20.689 6.353 20.359 0 36.864-16.505 36.864-36.864 0-7.723-2.375-14.892-6.434-20.815l0.081 0.126-107.008-108.544 107.776-107.776c6.698-6.676 10.843-15.91 10.843-26.112s-4.144-19.436-10.841-26.111l-0.001-0.001zM671.744 10.752c-6.621-6.397-15.65-10.339-25.6-10.339s-18.979 3.942-25.611 10.349l0.011-0.010-108.544 107.776-107.776-107.776c-5.797-3.978-12.966-6.353-20.689-6.353-20.359 0-36.864 16.505-36.864 36.864 0 7.723 2.375 14.892 6.434 20.815l-0.081-0.126 107.776 108.8-107.776 107.776c-3.978 5.797-6.353 12.966-6.353 20.689 0 20.359 16.505 36.864 36.864 36.864 7.723 0 14.892-2.375 20.815-6.434l-0.126 0.081 107.776-107.008 107.776 107.776c5.797 3.978 12.966 6.353 20.689 6.353 20.359 0 36.864-16.505 36.864-36.864 0-7.723-2.375-14.892-6.434-20.815l0.081 0.126-107.776-108.544 107.776-107.776c6.93-6.711 11.232-16.1 11.232-26.495 0-10.013-3.992-19.094-10.472-25.737l0.007 0.008zM905.216 170.496l107.776-107.776c3.978-5.797 6.353-12.966 6.353-20.689 0-20.359-16.505-36.864-36.864-36.864-7.723 0-14.892 2.375-20.815 6.434l0.126-0.081-108.544 107.008-107.776-107.776c-5.797-3.978-12.966-6.353-20.689-6.353-20.359 0-36.864 16.505-36.864 36.864 0 7.723 2.375 14.892 6.434 20.815l-0.081-0.126 107.008 108.8-107.776 107.776c-3.978 5.797-6.353 12.966-6.353 20.689 0 20.359 16.505 36.864 36.864 36.864 7.723 0 14.892-2.375 20.815-6.434l-0.126 0.081 108.544-107.008 107.776 107.776c5.797 3.978 12.966 6.353 20.689 6.353 20.359 0 36.864-16.505 36.864-36.864 0-7.723-2.375-14.892-6.434-20.815l0.081 0.126zM330.496 352.256c-6.621-6.397-15.65-10.339-25.6-10.339s-18.979 3.942-25.611 10.349l0.011-0.010-108.544 108.544-107.776-108.544c-6.723-9.817-17.875-16.175-30.511-16.175-20.359 0-36.864 16.505-36.864 36.864 0 12.636 6.358 23.788 16.049 30.43l0.126 0.081 106.752 108.544-107.776 107.776c-3.978 5.797-6.353 12.966-6.353 20.689 0 20.359 16.505 36.864 36.864 36.864 7.723 0 14.892-2.375 20.815-6.434l-0.126 0.081 108.8-107.776 107.776 107.776c5.797 3.978 12.966 6.353 20.689 6.353 20.359 0 36.864-16.505 36.864-36.864 0-7.723-2.375-14.892-6.434-20.815l0.081 0.126-107.008-107.776 107.776-107.776c6.622-6.663 10.715-15.845 10.715-25.984s-4.093-19.321-10.717-25.986l0.002 0.002zM671.744 352.256c-6.621-6.397-15.65-10.339-25.6-10.339s-18.979 3.942-25.611 10.349l0.011-0.010-108.544 108.544-107.776-107.776c-6.723-9.817-17.875-16.175-30.511-16.175-20.359 0-36.864 16.505-36.864 36.864 0 12.636 6.358 23.788 16.049 30.43l0.126 0.081 107.776 107.776-107.776 107.776c-3.978 5.797-6.353 12.966-6.353 20.689 0 20.359 16.505 36.864 36.864 36.864 7.723 0 14.892-2.375 20.815-6.434l-0.126 0.081 107.776-107.776 107.776 107.776c5.797 3.978 12.966 6.353 20.689 6.353 20.359 0 36.864-16.505 36.864-36.864 0-7.723-2.375-14.892-6.434-20.815l0.081 0.126-107.776-107.776 107.776-107.776c6.854-6.7 11.104-16.039 11.104-26.37 0-9.948-3.941-18.977-10.347-25.608l0.010 0.011zM1012.992 352.256c-6.621-6.397-15.65-10.339-25.6-10.339s-18.979 3.942-25.611 10.349l0.011-0.010-108.544 108.544-107.776-107.776c-6.723-9.817-17.875-16.175-30.511-16.175-20.359 0-36.864 16.505-36.864 36.864 0 12.636 6.358 23.788 16.049 30.43l0.126 0.081 107.008 107.776-107.776 107.776c-3.978 5.797-6.353 12.966-6.353 20.689 0 20.359 16.505 36.864 36.864 36.864 7.723 0 14.892-2.375 20.815-6.434l-0.126 0.081 108.544-107.776 107.776 107.776c5.797 3.978 12.966 6.353 20.689 6.353 20.359 0 36.864-16.505 36.864-36.864 0-7.723-2.375-14.892-6.434-20.815l0.081 0.126-106.752-107.776 107.776-107.776c6.622-6.663 10.715-15.845 10.715-25.984s-4.093-19.321-10.717-25.986l0.002 0.002zM330.496 693.504c-6.621-6.397-15.65-10.339-25.6-10.339s-18.979 3.942-25.611 10.349l0.011-0.010-108.544 107.776-107.776-107.776c-5.797-3.978-12.966-6.353-20.689-6.353-20.359 0-36.864 16.505-36.864 36.864 0 7.723 2.375 14.892 6.434 20.815l-0.081-0.126 107.776 107.776-108.8 108.544c-9.817 6.723-16.175 17.875-16.175 30.511 0 20.359 16.505 36.864 36.864 36.864 12.636 0 23.788-6.358 30.43-16.049l0.081-0.126 107.776-107.776 107.776 107.776c6.723 9.817 17.875 16.175 30.511 16.175 20.359 0 36.864-16.505 36.864-36.864 0-12.636-6.358-23.788-16.049-30.43l-0.126-0.081-105.984-107.776 107.776-107.776c6.622-6.663 10.715-15.845 10.715-25.984s-4.093-19.321-10.717-25.986l0.002 0.002zM671.744 693.504c-6.621-6.397-15.65-10.339-25.6-10.339s-18.979 3.942-25.611 10.349l0.011-0.010-108.544 107.776-107.776-107.776c-5.797-3.978-12.966-6.353-20.689-6.353-20.359 0-36.864 16.505-36.864 36.864 0 7.723 2.375 14.892 6.434 20.815l-0.081-0.126 107.776 108.544-107.776 107.776c-9.817 6.723-16.175 17.875-16.175 30.511 0 20.359 16.505 36.864 36.864 36.864 12.636 0 23.788-6.358 30.43-16.049l0.081-0.126 107.776-106.752 107.776 107.776c6.723 9.817 17.875 16.175 30.511 16.175 20.359 0 36.864-16.505 36.864-36.864 0-12.636-6.358-23.788-16.049-30.43l-0.126-0.081-107.776-108.8 107.776-107.776c6.854-6.7 11.104-16.039 11.104-26.37 0-9.948-3.941-18.977-10.347-25.608l0.010 0.011zM1012.992 693.504c-6.621-6.397-15.65-10.339-25.6-10.339s-18.979 3.942-25.611 10.349l0.011-0.010-108.544 107.776-107.776-107.776c-5.797-3.978-12.966-6.353-20.689-6.353-20.359 0-36.864 16.505-36.864 36.864 0 7.723 2.375 14.892 6.434 20.815l-0.081-0.126 107.776 107.776-107.776 107.776c-9.817 6.723-16.175 17.875-16.175 30.511 0 20.359 16.505 36.864 36.864 36.864 12.636 0 23.788-6.358 30.43-16.049l0.081-0.126 107.776-107.776 107.776 107.776c6.723 9.817 17.875 16.175 30.511 16.175 20.359 0 36.864-16.505 36.864-36.864 0-12.636-6.358-23.788-16.049-30.43l-0.126-0.081-107.776-107.776 107.776-107.776c6.709-6.677 10.861-15.919 10.861-26.13 0-9.693-3.741-18.512-9.858-25.093l0.021 0.023z"
        ],
        "attrs": [
          {}
        ],
        "isMulticolor": false,
        "isMulticolor2": false,
        "grid": 0,
        "tags": [
          "knit-dot_12"
        ]
      },
      "attrs": [
        {}
      ],
      "properties": {
        "order": 71,
        "id": 43,
        "name": "knit-dot_12",
        "prevSize": 32,
        "code": 59680
      },
      "setIdx": 0,
      "setId": 2,
      "iconIdx": 14
    },
    {
      "icon": {
        "paths": [
          "M256 365.568l123.648 123.648c14.020 14.020 33.39 22.692 54.784 22.692 42.789 0 77.476-34.687 77.476-77.476 0-21.394-8.672-40.764-22.692-54.784l-123.648-123.648 123.648-123.648c14.020-14.020 22.692-33.39 22.692-54.784 0-42.789-34.687-77.476-77.476-77.476-21.394 0-40.764 8.672-54.784 22.692l0 0-123.648 123.648-123.648-123.648c-14.020-14.020-33.39-22.692-54.784-22.692-42.789 0-77.476 34.687-77.476 77.476 0 21.394 8.672 40.764 22.692 54.784l123.648 123.648-123.648 123.648c-14.020 14.020-22.692 33.39-22.692 54.784 0 42.789 34.687 77.476 77.476 77.476 21.394 0 40.764-8.672 54.784-22.692v0zM1001.216 379.648l-123.648-123.648 123.648-123.648c14.020-14.020 22.692-33.39 22.692-54.784 0-42.789-34.687-77.476-77.476-77.476-21.394 0-40.764 8.672-54.784 22.692l-123.648 123.648-123.648-123.648c-14.020-14.020-33.39-22.692-54.784-22.692-42.789 0-77.476 34.687-77.476 77.476 0 21.394 8.672 40.764 22.692 54.784l123.648 123.648-123.648 123.648c-14.020 14.020-22.692 33.39-22.692 54.784 0 42.789 34.687 77.476 77.476 77.476 21.394 0 40.764-8.672 54.784-22.692l123.648-123.648 123.648 123.648c14.020 14.020 33.39 22.692 54.784 22.692 42.789 0 77.476-34.687 77.476-77.476 0-21.394-8.672-40.764-22.692-54.784l0 0zM365.568 768l123.648-123.648c14.020-14.020 22.692-33.39 22.692-54.784 0-42.789-34.687-77.476-77.476-77.476-21.394 0-40.764 8.672-54.784 22.692l-123.648 123.648-123.648-123.648c-14.020-14.020-33.39-22.692-54.784-22.692-42.789 0-77.476 34.687-77.476 77.476 0 21.394 8.672 40.764 22.692 54.784l123.648 123.648-123.648 123.648c-14.020 14.020-22.692 33.39-22.692 54.784 0 42.789 34.687 77.476 77.476 77.476 21.394 0 40.764-8.672 54.784-22.692l123.648-123.648 123.648 123.648c14.020 14.020 33.39 22.692 54.784 22.692 42.789 0 77.476-34.687 77.476-77.476 0-21.394-8.672-40.764-22.692-54.784l0 0zM768 658.432l-123.648-123.648c-14.020-14.020-33.39-22.692-54.784-22.692-42.789 0-77.476 34.687-77.476 77.476 0 21.394 8.672 40.764 22.692 54.784l123.648 123.648-123.648 123.648c-14.020 14.020-22.692 33.39-22.692 54.784 0 42.789 34.687 77.476 77.476 77.476 21.394 0 40.764-8.672 54.784-22.692l123.648-123.648 123.648 123.648c14.020 14.020 33.39 22.692 54.784 22.692 42.789 0 77.476-34.687 77.476-77.476 0-21.394-8.672-40.764-22.692-54.784l-123.648-123.648 123.648-123.648c14.020-14.020 22.692-33.39 22.692-54.784 0-42.789-34.687-77.476-77.476-77.476-21.394 0-40.764 8.672-54.784 22.692l-0 0z"
        ],
        "attrs": [
          {}
        ],
        "isMulticolor": false,
        "isMulticolor2": false,
        "grid": 0,
        "tags": [
          "knit-dot_13"
        ]
      },
      "attrs": [
        {}
      ],
      "properties": {
        "order": 72,
        "id": 42,
        "name": "knit-dot_13",
        "prevSize": 32,
        "code": 59681
      },
      "setIdx": 0,
      "setId": 2,
      "iconIdx": 15
    },
    {
      "icon": {
        "paths": [
          "M319.744 21.504c-13.351-13.396-31.82-21.685-52.224-21.685s-38.873 8.289-52.222 21.683l-0.002 0.002-44.544 44.8-44.8-44.8c-13.365-13.365-31.829-21.632-52.224-21.632-40.789 0-73.856 33.066-73.856 73.856 0 20.395 8.267 38.859 21.632 52.224l44.8 44.8-44.8 44.544c-13.365 13.365-21.632 31.829-21.632 52.224 0 40.789 33.066 73.856 73.856 73.856 20.395 0 38.859-8.267 52.224-21.632l44.8-44.8 44.8 44.8c13.365 13.365 31.829 21.632 52.224 21.632 40.789 0 73.856-33.066 73.856-73.856 0-20.395-8.267-38.859-21.632-52.224l0 0-45.056-44.544 44.8-44.8c13.396-13.351 21.685-31.82 21.685-52.224s-8.289-38.873-21.683-52.222l-0.002-0.002zM660.992 21.504c-13.351-13.396-31.82-21.685-52.224-21.685s-38.873 8.289-52.222 21.683l-0.002 0.002-44.544 44.8-44.8-44.8c-13.365-13.365-31.829-21.632-52.224-21.632-40.789 0-73.856 33.066-73.856 73.856 0 20.395 8.267 38.859 21.632 52.224l44.8 44.8-44.544 44.544c-13.365 13.365-21.632 31.829-21.632 52.224 0 40.789 33.066 73.856 73.856 73.856 20.395 0 38.859-8.267 52.224-21.632l0-0 44.544-44.8 44.8 44.8c13.365 13.365 31.829 21.632 52.224 21.632 40.789 0 73.856-33.066 73.856-73.856 0-20.395-8.267-38.859-21.632-52.224l-0-0-44.8-44.544 44.8-44.8c13.32-13.338 21.557-31.755 21.557-52.096 0-20.468-8.341-38.988-21.808-52.347l-0.005-0.005zM957.696 170.752l44.8-44.8c13.365-13.365 21.632-31.829 21.632-52.224 0-40.789-33.066-73.856-73.856-73.856-20.395 0-38.859 8.267-52.224 21.632l-44.8 44.8-44.544-44.8c-13.365-13.365-31.829-21.632-52.224-21.632-40.789 0-73.856 33.066-73.856 73.856 0 20.395 8.267 38.859 21.632 52.224l44.8 44.8-44.8 44.544c-13.365 13.365-21.632 31.829-21.632 52.224 0 40.789 33.066 73.856 73.856 73.856 20.395 0 38.859-8.267 52.224-21.632l44.8-44.8 44.8 44.8c13.365 13.365 31.829 21.632 52.224 21.632 40.789 0 73.856-33.066 73.856-73.856 0-20.395-8.267-38.859-21.632-52.224l0 0zM319.744 363.008c-13.351-13.396-31.82-21.685-52.224-21.685s-38.873 8.289-52.222 21.683l-0.002 0.002-44.544 44.544-44.8-44.544c-13.355-13.387-31.822-21.669-52.224-21.669-40.74 0-73.765 33.026-73.765 73.765 0 20.338 8.231 38.753 21.543 52.097l-0.001-0.001 44.8 44.8-44.8 44.8c-13.365 13.365-21.632 31.829-21.632 52.224 0 40.789 33.066 73.856 73.856 73.856 20.395 0 38.859-8.267 52.224-21.632l44.8-44.8 44.8 44.8c13.365 13.365 31.829 21.632 52.224 21.632 40.789 0 73.856-33.066 73.856-73.856 0-20.395-8.267-38.859-21.632-52.224l0 0-45.056-44.8 44.8-44.8c13.32-13.338 21.557-31.755 21.557-52.096s-8.237-38.758-21.558-52.097l0.001 0.001zM660.992 363.008c-13.351-13.396-31.82-21.685-52.224-21.685s-38.873 8.289-52.222 21.683l-0.002 0.002-44.544 44.544-44.8-44.8c-13.365-13.365-31.829-21.632-52.224-21.632-40.789 0-73.856 33.066-73.856 73.856 0 20.395 8.267 38.859 21.632 52.224l44.8 44.8-44.8 44.8c-13.365 13.365-21.632 31.829-21.632 52.224 0 40.789 33.066 73.856 73.856 73.856 20.395 0 38.859-8.267 52.224-21.632l44.8-44.8 44.8 44.8c13.365 13.365 31.829 21.632 52.224 21.632 40.789 0 73.856-33.066 73.856-73.856 0-20.395-8.267-38.859-21.632-52.224v0l-44.8-44.8 44.8-44.8c13.243-13.325 21.429-31.691 21.429-51.968 0-20.405-8.289-38.873-21.683-52.222l-0.002-0.002zM1002.24 363.008c-13.351-13.396-31.82-21.685-52.224-21.685s-38.873 8.289-52.222 21.683l-0.002 0.002-44.8 44.8-44.8-44.8c-13.365-13.365-31.829-21.632-52.224-21.632-40.789 0-73.856 33.066-73.856 73.856 0 20.395 8.267 38.859 21.632 52.224v0l45.312 44.544-44.8 44.8c-13.365 13.365-21.632 31.829-21.632 52.224 0 40.789 33.066 73.856 73.856 73.856 20.395 0 38.859-8.267 52.224-21.632l44.8-44.8 44.8 44.8c13.365 13.365 31.829 21.632 52.224 21.632 40.789 0 73.856-33.066 73.856-73.856 0-20.395-8.267-38.859-21.632-52.224v0l-45.056-44.8 44.8-44.8c13.32-13.338 21.557-31.755 21.557-52.096s-8.237-38.758-21.558-52.097l0.001 0.001zM319.744 704.256c-13.351-13.396-31.82-21.685-52.224-21.685s-38.873 8.289-52.222 21.683l-0.002 0.002-44.544 44.8-44.8-44.8c-13.365-13.365-31.829-21.632-52.224-21.632-40.789 0-73.856 33.066-73.856 73.856 0 20.395 8.267 38.859 21.632 52.224l44.8 44.8-44.8 44.544c-13.365 13.365-21.632 31.829-21.632 52.224 0 40.789 33.066 73.856 73.856 73.856 20.395 0 38.859-8.267 52.224-21.632l44.8-44.8 44.8 44.8c13.365 13.365 31.829 21.632 52.224 21.632 40.789 0 73.856-33.066 73.856-73.856 0-20.395-8.267-38.859-21.632-52.224l-44.8-44.8 44.8-44.8c13.243-13.325 21.429-31.691 21.429-51.968 0-20.405-8.289-38.873-21.683-52.222l-0.002-0.002zM660.992 704.256c-13.351-13.396-31.82-21.685-52.224-21.685s-38.873 8.289-52.222 21.683l-0.002 0.002-44.544 44.8-44.8-44.8c-13.365-13.365-31.829-21.632-52.224-21.632-40.789 0-73.856 33.066-73.856 73.856 0 20.395 8.267 38.859 21.632 52.224l44.8 44.8-44.8 44.8c-13.365 13.365-21.632 31.829-21.632 52.224 0 40.789 33.066 73.856 73.856 73.856 20.395 0 38.859-8.267 52.224-21.632l0-0 44.8-45.056 44.8 44.8c13.365 13.365 31.829 21.632 52.224 21.632 40.789 0 73.856-33.066 73.856-73.856 0-20.395-8.267-38.859-21.632-52.224v0l-44.8-44.8 44.8-44.8c13.243-13.325 21.429-31.691 21.429-51.968 0-20.405-8.289-38.873-21.683-52.222l-0.002-0.002zM1002.24 704.256c-13.351-13.396-31.82-21.685-52.224-21.685s-38.873 8.289-52.222 21.683l-0.002 0.002-44.8 44.8-44.8-44.8c-13.365-13.365-31.829-21.632-52.224-21.632-40.789 0-73.856 33.066-73.856 73.856 0 20.395 8.267 38.859 21.632 52.224l44.8 44.8-44.8 44.8c-13.365 13.365-21.632 31.829-21.632 52.224 0 40.789 33.066 73.856 73.856 73.856 20.395 0 38.859-8.267 52.224-21.632v0l44.8-44.8 44.8 44.8c13.365 13.365 31.829 21.632 52.224 21.632 40.789 0 73.856-33.066 73.856-73.856 0-20.395-8.267-38.859-21.632-52.224v0l-44.8-44.8 44.8-44.8c13.473-13.363 21.813-31.884 21.813-52.352 0-20.341-8.237-38.758-21.558-52.097l0.001 0.001z"
        ],
        "attrs": [
          {}
        ],
        "isMulticolor": false,
        "isMulticolor2": false,
        "grid": 0,
        "tags": [
          "knit-dot_14"
        ]
      },
      "attrs": [
        {}
      ],
      "properties": {
        "order": 73,
        "id": 41,
        "name": "knit-dot_14",
        "prevSize": 32,
        "code": 59682
      },
      "setIdx": 0,
      "setId": 2,
      "iconIdx": 16
    },
    {
      "icon": {
        "paths": [
          "M512 144.896l107.52 107.52h152.064v152.064l29.952 30.72 76.8 76.8-76.8 76.8-29.952 30.72v152.064h-152.064l-30.72 29.952-76.8 76.8-76.8-76.8-30.72-29.952h-152.064v-152.064l-29.952-30.72-76.8-76.8 76.8-76.8 29.952-30.72v-152.064h152.064l30.72-29.952 76.8-76.8zM512 0l-150.016 150.016h-211.968v211.968l-150.016 150.016 150.016 150.016v211.968h211.968l150.016 150.016 150.016-150.016h211.968v-211.968l150.016-150.016-150.016-150.016v-211.968h-211.968l-150.016-150.016z"
        ],
        "attrs": [
          {}
        ],
        "isMulticolor": false,
        "isMulticolor2": false,
        "grid": 0,
        "tags": [
          "arab_01"
        ]
      },
      "attrs": [
        {}
      ],
      "properties": {
        "order": 74,
        "id": 40,
        "name": "arab_01",
        "prevSize": 32,
        "code": 59683
      },
      "setIdx": 0,
      "setId": 2,
      "iconIdx": 17
    },
    {
      "icon": {
        "paths": [
          "M1024 38.912v-38.912h-137.216l-118.784 68.608v-68.608h-102.4v128l-153.6 88.32-153.6-88.32v-128h-102.4v68.608l-118.784-68.608h-137.216v38.912l256 147.968v177.408l-153.6 88.576-102.4-59.136v236.544l102.4-59.136 153.6 88.576v177.408l-256 147.712v39.168h137.216l118.784-68.608v68.608h102.4v-128l153.6-88.576 153.6 88.576v128h102.4v-68.608l118.784 68.608h137.216v-39.168l-256-147.712v-177.408l153.6-88.576 102.4 59.136v-236.544l-102.4 59.136-153.6-88.576v-177.408zM256 541.44l-51.2-29.44 51.2-29.44zM358.4 246.016l51.2 29.44-51.2 29.44zM358.4 777.984v-59.136l51.2 29.44zM665.6 777.984l-51.2-29.44 51.2-29.44zM665.6 600.576l-153.6 88.576-153.6-88.576v-177.152l153.6-88.576 153.6 88.576zM665.6 304.896l-51.2-29.44 51.2-29.44zM819.2 512l-51.2 29.44v-58.88z"
        ],
        "attrs": [
          {}
        ],
        "isMulticolor": false,
        "isMulticolor2": false,
        "grid": 0,
        "tags": [
          "arab_02"
        ]
      },
      "attrs": [
        {}
      ],
      "properties": {
        "order": 75,
        "id": 39,
        "name": "arab_02",
        "prevSize": 32,
        "code": 59684
      },
      "setIdx": 0,
      "setId": 2,
      "iconIdx": 18
    },
    {
      "icon": {
        "paths": [
          "M1024 0h-89.6l-253.952 105.216-43.52-105.216h-110.848l59.904 144.384-73.984 30.72-73.984-30.72 59.904-144.384h-110.848l-43.52 105.216-253.952-105.216h-89.6v89.6l105.216 253.952-105.216 43.52v110.848l144.384-59.904 30.72 73.984-30.72 73.984-144.384-59.904v110.848l105.216 43.52-105.216 253.952v89.6h89.6l253.952-105.216 43.52 105.216h110.848l-59.904-144.384 73.984-30.72 73.984 30.72-59.904 144.384h110.848l43.52-105.216 253.952 105.216h89.6v-89.6l-105.216-253.952 105.216-43.52v-110.848l-144.384 59.904-30.72-73.984 30.72-73.984 144.384 59.904v-110.848l-105.216-43.52 105.216-253.952zM125.952 125.952l179.2 73.984-30.72 73.984-74.752 30.464zM125.952 898.304l73.984-179.2 73.984 30.72 30.72 73.984zM672 672l-125.44 51.2-34.56 14.848-34.56-14.336-125.44-51.2-38.912-94.208-3.328-7.936-23.808-58.368 31.744-76.8 34.56-83.456 159.744-66.048 160 66.304 34.56 83.2 31.744 76.8-25.6 58.88zM898.304 898.304l-179.2-73.984 30.72-73.984 73.984-30.72zM824.32 304.384l-73.984-30.72-30.72-73.984 179.2-73.984z"
        ],
        "attrs": [
          {}
        ],
        "isMulticolor": false,
        "isMulticolor2": false,
        "grid": 0,
        "tags": [
          "arab_03"
        ]
      },
      "attrs": [
        {}
      ],
      "properties": {
        "order": 76,
        "id": 38,
        "name": "arab_03",
        "prevSize": 32,
        "code": 59685
      },
      "setIdx": 0,
      "setId": 2,
      "iconIdx": 19
    },
    {
      "icon": {
        "paths": [
          "M870.4 305.408v-305.408h-186.88l-171.52 98.816-171.008-98.816h-187.392v305.408l-153.6 88.832v235.52l153.6 89.088v305.152h186.88l171.52-98.816 171.008 98.816h187.392v-305.408l153.6-89.088v-235.264zM153.6 600.32l-153.6-88.32 153.6-88.32zM256 69.376l153.6 88.32-153.6 88.576zM256 954.368v-176.64l153.6 88.32zM768 954.368l-153.6-88.32 153.6-88.32zM768 659.456l-256 147.456-256-147.456v-294.912l256-147.456 256 147.456zM768 246.272l-153.6-88.32 153.6-88.32zM870.4 600.32v-176.64l153.6 88.32z"
        ],
        "attrs": [
          {}
        ],
        "isMulticolor": false,
        "isMulticolor2": false,
        "grid": 0,
        "tags": [
          "arab_04"
        ]
      },
      "attrs": [
        {}
      ],
      "properties": {
        "order": 77,
        "id": 37,
        "name": "arab_04",
        "prevSize": 32,
        "code": 59686
      },
      "setIdx": 0,
      "setId": 2,
      "iconIdx": 20
    },
    {
      "icon": {
        "paths": [
          "M1024 204.8h-334.592l-118.272-204.8h-118.272l-118.272 204.8h-334.592v34.816l157.184 272.384-157.184 272.384v34.816h334.592l118.272 204.8h118.272l118.272-204.8h334.592v-34.816l-157.184-272.384 157.184-272.384zM748.544 512l118.272 204.8h-236.544l-118.272 204.8-118.272-204.8h-236.544l118.272-204.8-118.272-204.8h236.544l118.272-204.8 118.272 204.8h236.544z"
        ],
        "attrs": [
          {}
        ],
        "isMulticolor": false,
        "isMulticolor2": false,
        "grid": 0,
        "tags": [
          "arab_05"
        ]
      },
      "attrs": [
        {}
      ],
      "properties": {
        "order": 78,
        "id": 36,
        "name": "arab_05",
        "prevSize": 32,
        "code": 59687
      },
      "setIdx": 0,
      "setId": 2,
      "iconIdx": 21
    },
    {
      "icon": {
        "paths": [
          "M1024 387.072l-273.664-113.408-113.408-273.664h-110.848l90.368 218.368-84.736-35.328-19.712-7.936-19.712 8.192-84.736 35.072 90.368-218.368h-110.848l-113.408 273.664-273.664 113.408v110.848l218.368-90.368-43.52 104.448 43.264 104.448-218.112-90.368v110.848l273.664 113.408 113.408 273.664h110.848l-90.368-218.368 14.592 6.144 89.856 37.376 104.448-43.52-90.368 218.368h110.848l113.408-273.664 273.664-113.408v-110.848l-218.368 90.368 43.52-104.448-43.264-104.448 218.112 90.368zM713.728 570.88l-41.728 100.864-125.44 51.2-34.56 15.104-34.56-14.336-125.44-51.2-41.728-101.632-25.6-58.88 31.744-76.8 34.56-83.456 161.024-66.048 160 66.304 34.56 83.2 31.744 76.8z"
        ],
        "attrs": [
          {}
        ],
        "isMulticolor": false,
        "isMulticolor2": false,
        "grid": 0,
        "tags": [
          "arab_06"
        ]
      },
      "attrs": [
        {}
      ],
      "properties": {
        "order": 79,
        "id": 35,
        "name": "arab_06",
        "prevSize": 32,
        "code": 59688
      },
      "setIdx": 0,
      "setId": 2,
      "iconIdx": 22
    },
    {
      "icon": {
        "paths": [
          "M1024 512l-238.848-113.152 88.832-248.832-248.832 88.832-113.152-238.848-113.152 238.848-248.832-88.832 88.832 248.832-238.848 113.152 238.848 113.152-88.832 248.832 248.832-88.832 113.152 238.848 113.152-238.848 248.832 88.832-88.832-248.832zM742.4 532.48l-83.712 39.68 31.232 87.296 16.128 45.312-45.312-16.128-87.296-31.232-40.96 84.992-20.48 43.52-20.48-43.52-39.68-83.712-87.296 29.952-45.312 16.128 16.128-45.312 31.232-87.296-84.992-39.68-42.24-20.48 43.52-20.48 83.712-39.68-31.232-87.296-16.128-45.312 45.312 16.128 87.296 31.232 39.68-84.992 20.48-43.52 20.48 43.52 39.68 83.712 132.608-47.36-16.128 45.312-31.232 87.296 84.992 40.96 43.52 20.48z"
        ],
        "attrs": [
          {}
        ],
        "isMulticolor": false,
        "isMulticolor2": false,
        "grid": 0,
        "tags": [
          "arab_07"
        ]
      },
      "attrs": [
        {}
      ],
      "properties": {
        "order": 80,
        "id": 34,
        "name": "arab_07",
        "prevSize": 32,
        "code": 59689
      },
      "setIdx": 0,
      "setId": 2,
      "iconIdx": 23
    },
    {
      "icon": {
        "paths": [
          "M1024 232.192v-108.8l-192 68.608 68.608-192h-108.8l-84.48 236.544-95.488 34.048-99.84-210.944-99.84 211.2-95.488-34.304-84.48-236.544h-108.8l68.608 192-192-68.608v108.8l236.544 84.48 34.048 95.232-210.944 100.096 211.2 99.84-34.304 95.488-236.544 84.48v108.8l192-68.608-68.608 192h108.8l84.48-236.544 95.232-34.048 100.096 210.944 99.84-211.2 95.232 34.048 84.736 236.8h108.8l-68.608-192 192 68.608v-108.8l-236.544-84.48-34.048-95.488 210.944-99.84-211.2-99.84 34.048-95.232zM625.664 559.104l37.12 103.424-103.424-37.12-47.36 99.84-47.104-99.328-103.424 37.12 37.12-103.424-99.84-47.616 99.328-47.104-15.616-43.776-19.2-53.76-2.304-6.144 102.4 37.12 48.64-99.584 47.104 99.328 102.4-37.12-4.608 12.544-32.512 91.136 100.864 47.36z"
        ],
        "attrs": [
          {}
        ],
        "isMulticolor": false,
        "isMulticolor2": false,
        "grid": 0,
        "tags": [
          "arab_08"
        ]
      },
      "attrs": [
        {}
      ],
      "properties": {
        "order": 81,
        "id": 33,
        "name": "arab_08",
        "prevSize": 32,
        "code": 59690
      },
      "setIdx": 0,
      "setId": 2,
      "iconIdx": 24
    },
    {
      "icon": {
        "paths": [
          "M1024 232.192v-108.8l-192 68.608 68.608-192h-108.8l-84.48 236.544-95.488 34.048-43.264-91.392 84.736-179.2h-113.152l-28.16 59.648-28.16-59.648h-113.408l84.736 179.2-43.008 91.392-95.488-34.048-84.48-236.544h-108.8l68.608 192-192-68.608v108.8l236.544 84.48 34.048 95.232-46.336 23.296-45.056 20.224-179.2-84.992v113.408l59.648 28.16-59.648 28.16v113.408l179.2-84.736 91.392 43.264-34.048 95.232-236.544 84.48v108.8l192-68.608-68.608 192h108.8l84.48-236.544 95.232-34.048 43.52 91.392-84.736 179.2h113.152l28.16-59.648 28.16 59.648h113.408l-84.736-179.2 43.264-91.392 95.232 34.048 84.48 236.544h108.8l-68.608-192 192 68.608v-108.8l-236.544-84.48-34.048-95.488 91.392-43.264 179.2 84.736v-113.152l-59.648-28.16 59.648-28.16v-113.408l-179.2 84.736-91.392-43.008 34.048-95.232zM667.648 539.392v0l-41.984 19.968 37.12 103.424-103.424-37.12-47.36 99.584-2.304-4.608-25.6-52.992-19.968-41.984-103.424 37.12 37.12-103.424-41.984-19.968-57.088-27.392 99.328-47.104-15.616-43.776-19.2-53.76-2.304-6.144 102.4 37.12 19.968-41.984 28.672-57.6 2.304 4.608 25.6 52.992 19.968 41.984 102.4-37.12-4.608 12.544-32.512 91.136 76.8 36.608 21.76 10.24z"
        ],
        "attrs": [
          {}
        ],
        "isMulticolor": false,
        "isMulticolor2": false,
        "grid": 0,
        "tags": [
          "arab_09"
        ]
      },
      "attrs": [
        {}
      ],
      "properties": {
        "order": 82,
        "id": 32,
        "name": "arab_09",
        "prevSize": 32,
        "code": 59691
      },
      "setIdx": 0,
      "setId": 2,
      "iconIdx": 25
    },
    {
      "icon": {
        "paths": [
          "M1024 224.256l-19.456 6.144c-51.334 19.936-110.75 31.488-172.864 31.488-0.067 0-0.135-0-0.202-0l0.010 0c-0.136 0-0.298 0-0.459 0-23.039 0-45.708-1.582-67.905-4.643l2.572 0.29c-2.553-18.91-4.010-40.768-4.010-62.967 0-62.923 11.708-123.112 33.064-178.507l-1.15 3.394 6.144-19.456h-108.544c-12.826 36.118-22.722 78.393-27.89 122.117l-0.27 2.811c-42.75-49.147-92.602-90.683-148.255-123.413l-2.785-1.515c-58.237 34.277-107.919 75.807-149.905 124.194l-0.623 0.734c-5.623-46.586-15.69-88.837-29.961-129.099l1.289 4.171h-108.544l7.424 19.456c19.791 51.505 31.254 111.090 31.254 173.353 0 23.186-1.59 46.001-4.666 68.341l0.292-2.59c-19.63 2.77-42.305 4.352-65.35 4.352-0.155 0-0.311-0-0.466-0l0.024 0c-62.392-0.303-121.915-12.207-176.645-33.663l3.333 1.151-19.456-6.144v108.544c36.189 12.823 78.552 22.72 122.363 27.889l2.821 0.271c-49.247 42.74-90.867 92.594-123.67 148.263l-1.514 2.777c34.332 58.347 75.948 108.115 124.444 150.157l0.74 0.627c-46.658 5.534-89.009 15.516-129.382 29.701l4.198-1.285v108.8l19.456-7.424c51.511-19.964 111.126-31.53 173.442-31.53 23.156 0 45.938 1.597 68.244 4.687l-2.581-0.293c2.574 18.988 4.043 40.935 4.043 63.226 0 63.211-11.815 123.662-33.358 179.266l1.155-3.388-6.144 19.456h108.544c12.826-36.118 22.722-78.393 27.89-122.117l0.27-2.811c42.747 49.151 92.599 90.687 148.255 123.414l2.785 1.514c58.237-34.277 107.919-75.807 149.905-124.194l0.623-0.734c5.625 46.587 15.693 88.838 29.961 129.101l-1.289-4.173h108.8l-6.4-19.456c-20.388-52.216-32.203-112.667-32.203-175.878 0-22.29 1.469-44.238 4.316-65.75l-0.273 2.525c19.119-2.628 41.213-4.129 63.658-4.129 63.070 0 123.372 11.848 178.803 33.44l-3.357-1.151 19.456 7.424v-109.824c-36.189-12.823-78.552-22.72-122.363-27.889l-2.821-0.271c49.251-42.738 90.871-92.592 123.671-148.264l1.513-2.776c-34.332-58.347-75.948-108.115-124.444-150.157l-0.74-0.627c46.656-5.531 89.008-15.514 129.379-29.7l-4.195 1.284zM901.12 512c-49.277 63.998-112.411 114.91-185.102 148.738l-3.058 1.278-35.072 15.872-15.872 35.072c-35.106 75.749-86.018 138.883-148.855 187.3l-1.161 0.86c-63.998-49.277-114.91-112.411-148.738-185.102l-1.278-3.058-15.872-35.072-35.072-15.872c-75.749-35.106-138.883-86.018-187.3-148.855l-0.86-1.161c49.277-63.998 112.411-114.91 185.102-148.738l3.058-1.278 35.072-15.872 15.872-35.072c35.106-75.749 86.018-138.883 148.855-187.3l1.161-0.86c63.998 49.277 114.91 112.411 148.738 185.102l1.278 3.058 15.872 35.072 35.072 15.872c75.749 35.106 138.883 86.018 187.3 148.855l0.86 1.161z"
        ],
        "attrs": [
          {}
        ],
        "isMulticolor": false,
        "isMulticolor2": false,
        "grid": 0,
        "tags": [
          "arab_10"
        ]
      },
      "attrs": [
        {}
      ],
      "properties": {
        "order": 83,
        "id": 31,
        "name": "arab_10",
        "prevSize": 32,
        "code": 59692
      },
      "setIdx": 0,
      "setId": 2,
      "iconIdx": 26
    },
    {
      "icon": {
        "paths": [
          "M704 832v-64c-0.291-247.307-200.694-447.709-447.973-448l-38.427-0c0-35.346-28.654-64-64-64s-64 28.654-64 64v0h-89.6v384h89.6c0 35.346 28.654 64 64 64s64-28.654 64-64v0h38.4c35.346 0 64 28.654 64 64v0 64c-35.346 0-64 28.654-64 64s28.654 64 64 64v0 64h384v-64c35.346 0 64-28.654 64-64s-28.654-64-64-64v0z"
        ],
        "attrs": [
          {}
        ],
        "grid": 0,
        "tags": [
          "pipes_01"
        ],
        "isMulticolor": false,
        "isMulticolor2": false
      },
      "attrs": [
        {}
      ],
      "properties": {
        "order": 84,
        "id": 30,
        "name": "pipes_01",
        "prevSize": 32,
        "code": 59658
      },
      "setIdx": 0,
      "setId": 2,
      "iconIdx": 27
    },
    {
      "icon": {
        "paths": [
          "M704 89.6v-89.6h-384v89.6c-35.346 0-64 28.654-64 64s28.654 64 64 64v0 38.4c-0.145 35.288-28.712 63.855-63.986 64l-0.014 0h-64c0-35.346-28.654-64-64-64s-64 28.654-64 64v0h-64v384h64c0 35.346 28.654 64 64 64s64-28.654 64-64v0h64c247.307-0.291 447.709-200.694 448-447.973l0-0.027v-38.4c35.346 0 64-28.654 64-64s-28.654-64-64-64v0z"
        ],
        "attrs": [
          {}
        ],
        "grid": 0,
        "tags": [
          "pipes_02"
        ],
        "isMulticolor": false,
        "isMulticolor2": false
      },
      "attrs": [
        {}
      ],
      "properties": {
        "order": 85,
        "id": 29,
        "name": "pipes_02",
        "prevSize": 32,
        "code": 59659
      },
      "setIdx": 0,
      "setId": 2,
      "iconIdx": 28
    },
    {
      "icon": {
        "paths": [
          "M934.4 320c0-35.346-28.654-64-64-64s-64 28.654-64 64v0h-38.4c-35.346 0-64-28.654-64-64v0-64c35.346 0 64-28.654 64-64s-28.654-64-64-64v0-64h-384v64c-35.346 0-64 28.654-64 64s28.654 64 64 64v0 64c0.291 247.307 200.694 447.709 447.973 448l38.427 0c0 35.346 28.654 64 64 64s64-28.654 64-64v0h89.6v-384z"
        ],
        "attrs": [
          {}
        ],
        "grid": 0,
        "tags": [
          "pipes_03"
        ],
        "isMulticolor": false,
        "isMulticolor2": false
      },
      "attrs": [
        {}
      ],
      "properties": {
        "order": 86,
        "id": 28,
        "name": "pipes_03",
        "prevSize": 32,
        "code": 59660
      },
      "setIdx": 0,
      "setId": 2,
      "iconIdx": 29
    },
    {
      "icon": {
        "paths": [
          "M960 320c0-35.346-28.654-64-64-64s-64 28.654-64 64v0h-64c-247.307 0.291-447.709 200.694-448 447.973l-0 0.027v38.4c-35.346 0-64 28.654-64 64s28.654 64 64 64v0 89.6h384v-89.6c35.346 0 64-28.654 64-64s-28.654-64-64-64v0-38.4c0.145-35.288 28.712-63.855 63.986-64l0.014-0h64c0 35.346 28.654 64 64 64s64-28.654 64-64v0h64v-384z"
        ],
        "attrs": [
          {}
        ],
        "grid": 0,
        "tags": [
          "pipes_04"
        ],
        "isMulticolor": false,
        "isMulticolor2": false
      },
      "attrs": [
        {}
      ],
      "properties": {
        "order": 87,
        "id": 27,
        "name": "pipes_04",
        "prevSize": 32,
        "code": 59661
      },
      "setIdx": 0,
      "setId": 2,
      "iconIdx": 30
    },
    {
      "icon": {
        "paths": [
          "M934.4 320c0-35.346-28.654-64-64-64s-64 28.654-64 64v0h-102.4v-128c35.346 0 64-28.654 64-64s-28.654-64-64-64v0-64h-384v64c-35.346 0-64 28.654-64 64s28.654 64 64 64v0 128h-102.4c0-35.346-28.654-64-64-64s-64 28.654-64 64v0h-89.6v384h89.6c0 35.346 28.654 64 64 64s64-28.654 64-64v0h102.4v128c-35.346 0-64 28.654-64 64s28.654 64 64 64v0 64h384v-64c35.346 0 64-28.654 64-64s-28.654-64-64-64v0-128h102.4c0 35.346 28.654 64 64 64s64-28.654 64-64v0h89.6v-384z"
        ],
        "attrs": [
          {}
        ],
        "grid": 0,
        "tags": [
          "pipes_05"
        ],
        "isMulticolor": false,
        "isMulticolor2": false
      },
      "attrs": [
        {}
      ],
      "properties": {
        "order": 88,
        "id": 26,
        "name": "pipes_05",
        "prevSize": 32,
        "code": 59662
      },
      "setIdx": 0,
      "setId": 2,
      "iconIdx": 31
    },
    {
      "icon": {
        "paths": [
          "M0 320h1024v384h-1024v-384z"
        ],
        "attrs": [
          {}
        ],
        "grid": 0,
        "tags": [
          "pipes_06"
        ],
        "isMulticolor": false,
        "isMulticolor2": false
      },
      "attrs": [
        {}
      ],
      "properties": {
        "order": 89,
        "id": 25,
        "name": "pipes_06",
        "prevSize": 32,
        "code": 59663
      },
      "setIdx": 0,
      "setId": 2,
      "iconIdx": 32
    },
    {
      "icon": {
        "paths": [
          "M320 0h384v1024h-384v-1024z"
        ],
        "attrs": [
          {}
        ],
        "grid": 0,
        "tags": [
          "pipes_07"
        ],
        "isMulticolor": false,
        "isMulticolor2": false
      },
      "attrs": [
        {}
      ],
      "properties": {
        "order": 90,
        "id": 24,
        "name": "pipes_07",
        "prevSize": 32,
        "code": 59664
      },
      "setIdx": 0,
      "setId": 2,
      "iconIdx": 33
    },
    {
      "icon": {
        "paths": [
          "M704 0h-384v179.2h384zM320 1024h384v-179.2h-384zM0 320v384h1024v-384z"
        ],
        "attrs": [
          {}
        ],
        "grid": 0,
        "tags": [
          "pipes_08"
        ],
        "isMulticolor": false,
        "isMulticolor2": false
      },
      "attrs": [
        {}
      ],
      "properties": {
        "order": 91,
        "id": 23,
        "name": "pipes_08",
        "prevSize": 32,
        "code": 59665
      },
      "setIdx": 0,
      "setId": 2,
      "iconIdx": 34
    },
    {
      "icon": {
        "paths": [
          "M844.8 320v384h179.2v-384zM0 704h179.2v-384h-179.2zM320 1024h384v-1024h-384z"
        ],
        "attrs": [
          {}
        ],
        "grid": 0,
        "tags": [
          "pipes_09"
        ],
        "isMulticolor": false,
        "isMulticolor2": false
      },
      "attrs": [
        {}
      ],
      "properties": {
        "order": 92,
        "id": 22,
        "name": "pipes_09",
        "prevSize": 32,
        "code": 59666
      },
      "setIdx": 0,
      "setId": 2,
      "iconIdx": 35
    },
    {
      "icon": {
        "paths": [
          "M512 320h-512v384h512c106.039 0 192-85.961 192-192s-85.961-192-192-192v0z"
        ],
        "attrs": [
          {}
        ],
        "grid": 0,
        "tags": [
          "pipes_10"
        ],
        "isMulticolor": false,
        "isMulticolor2": false
      },
      "attrs": [
        {}
      ],
      "properties": {
        "order": 93,
        "id": 21,
        "name": "pipes_10",
        "prevSize": 32,
        "code": 59667
      },
      "setIdx": 0,
      "setId": 2,
      "iconIdx": 36
    },
    {
      "icon": {
        "paths": [
          "M1024 320h-512c-106.039 0-192 85.961-192 192s85.961 192 192 192v0h512v-384z"
        ],
        "attrs": [
          {}
        ],
        "grid": 0,
        "tags": [
          "pipes_11"
        ],
        "isMulticolor": false,
        "isMulticolor2": false
      },
      "attrs": [
        {}
      ],
      "properties": {
        "order": 94,
        "id": 20,
        "name": "pipes_11",
        "prevSize": 32,
        "code": 59668
      },
      "setIdx": 0,
      "setId": 2,
      "iconIdx": 37
    },
    {
      "icon": {
        "paths": [
          "M320 0v512c0 106.039 85.961 192 192 192s192-85.961 192-192v0-512z"
        ],
        "attrs": [
          {}
        ],
        "grid": 0,
        "tags": [
          "pipes_12"
        ],
        "isMulticolor": false,
        "isMulticolor2": false
      },
      "attrs": [
        {}
      ],
      "properties": {
        "order": 95,
        "id": 19,
        "name": "pipes_12",
        "prevSize": 32,
        "code": 59669
      },
      "setIdx": 0,
      "setId": 2,
      "iconIdx": 38
    },
    {
      "icon": {
        "paths": [
          "M512 320c-106.039 0-192 85.961-192 192v0 512h384v-512c0-106.039-85.961-192-192-192v0z"
        ],
        "attrs": [
          {}
        ],
        "grid": 0,
        "tags": [
          "pipes_13"
        ],
        "isMulticolor": false,
        "isMulticolor2": false
      },
      "attrs": [
        {}
      ],
      "properties": {
        "order": 96,
        "id": 18,
        "name": "pipes_13",
        "prevSize": 32,
        "code": 59670
      },
      "setIdx": 0,
      "setId": 2,
      "iconIdx": 39
    },
    {
      "icon": {
        "paths": [
          "M934.4 320c0-35.346-28.654-64-64-64s-64 28.654-64 64v0h-102.4v-128c35.346 0 64-28.654 64-64s-28.654-64-64-64v0-64h-384v64c-35.346 0-64 28.654-64 64s28.654 64 64 64v0 128h-102.4c0-35.346-28.654-64-64-64s-64 28.654-64 64v0h-89.6v384h89.6c0 35.346 28.654 64 64 64s64-28.654 64-64v0h588.8c0 35.346 28.654 64 64 64s64-28.654 64-64v0h89.6v-384z"
        ],
        "attrs": [
          {}
        ],
        "grid": 0,
        "tags": [
          "pipes_14"
        ],
        "isMulticolor": false,
        "isMulticolor2": false
      },
      "attrs": [
        {}
      ],
      "properties": {
        "order": 97,
        "id": 17,
        "name": "pipes_14",
        "prevSize": 32,
        "code": 59671
      },
      "setIdx": 0,
      "setId": 2,
      "iconIdx": 40
    },
    {
      "icon": {
        "paths": [
          "M934.4 320c0-35.346-28.654-64-64-64s-64 28.654-64 64v0h-588.8c0-35.346-28.654-64-64-64s-64 28.654-64 64v0h-89.6v384h89.6c0 35.346 28.654 64 64 64s64-28.654 64-64v0h102.4v128c-35.346 0-64 28.654-64 64s28.654 64 64 64v0 64h384v-64c35.346 0 64-28.654 64-64s-28.654-64-64-64v0-128h102.4c0 35.346 28.654 64 64 64s64-28.654 64-64v0h89.6v-384z"
        ],
        "attrs": [
          {}
        ],
        "grid": 0,
        "tags": [
          "pipes_15"
        ],
        "isMulticolor": false,
        "isMulticolor2": false
      },
      "attrs": [
        {}
      ],
      "properties": {
        "order": 98,
        "id": 16,
        "name": "pipes_15",
        "prevSize": 32,
        "code": 59672
      },
      "setIdx": 0,
      "setId": 2,
      "iconIdx": 41
    },
    {
      "icon": {
        "paths": [
          "M704 806.4v-588.8c35.346 0 64-28.654 64-64s-28.654-64-64-64v0-89.6h-384v89.6c-35.346 0-64 28.654-64 64s28.654 64 64 64v0 102.4h-128c0-35.346-28.654-64-64-64s-64 28.654-64 64v0h-64v384h64c0 35.346 28.654 64 64 64s64-28.654 64-64v0h128v102.4c-35.346 0-64 28.654-64 64s28.654 64 64 64v0 89.6h384v-89.6c35.346 0 64-28.654 64-64s-28.654-64-64-64v0z"
        ],
        "attrs": [
          {}
        ],
        "grid": 0,
        "tags": [
          "pipes_16"
        ],
        "isMulticolor": false,
        "isMulticolor2": false
      },
      "attrs": [
        {}
      ],
      "properties": {
        "order": 99,
        "id": 15,
        "name": "pipes_16",
        "prevSize": 32,
        "code": 59673
      },
      "setIdx": 0,
      "setId": 2,
      "iconIdx": 42
    },
    {
      "icon": {
        "paths": [
          "M960 320c0-35.346-28.654-64-64-64s-64 28.654-64 64v0h-128v-102.4c35.346 0 64-28.654 64-64s-28.654-64-64-64v0-89.6h-384v89.6c-35.346 0-64 28.654-64 64s28.654 64 64 64v0 588.8c-35.346 0-64 28.654-64 64s28.654 64 64 64v0 89.6h384v-89.6c35.346 0 64-28.654 64-64s-28.654-64-64-64v0-102.4h128c0 35.346 28.654 64 64 64s64-28.654 64-64v0h64v-384z"
        ],
        "attrs": [
          {}
        ],
        "grid": 0,
        "tags": [
          "pipes_17"
        ],
        "isMulticolor": false,
        "isMulticolor2": false
      },
      "attrs": [
        {}
      ],
      "properties": {
        "order": 100,
        "id": 14,
        "name": "pipes_17",
        "prevSize": 32,
        "code": 59674
      },
      "setIdx": 0,
      "setId": 2,
      "iconIdx": 43
    },
    {
      "icon": {
        "paths": [
          "M512 832c-106.039 0-192 85.961-192 192v0h384c0-106.039-85.961-192-192-192v0zM934.4 320c0-35.346-28.654-64-64-64s-64 28.654-64 64v0h-102.4v-128c35.346 0 64-28.654 64-64s-28.654-64-64-64v0-64h-384v64c-35.346 0-64 28.654-64 64s28.654 64 64 64v0 128h-102.4c0-35.346-28.654-64-64-64s-64 28.654-64 64v0h-89.6v384h89.6c0 35.346 28.654 64 64 64s64-28.654 64-64v0h588.8c0 35.346 28.654 64 64 64s64-28.654 64-64v0h89.6v-384z"
        ],
        "attrs": [
          {}
        ],
        "grid": 0,
        "tags": [
          "pipes_18"
        ],
        "isMulticolor": false,
        "isMulticolor2": false
      },
      "attrs": [
        {}
      ],
      "properties": {
        "order": 101,
        "id": 13,
        "name": "pipes_18",
        "prevSize": 32,
        "code": 59675
      },
      "setIdx": 0,
      "setId": 2,
      "iconIdx": 44
    },
    {
      "icon": {
        "paths": [
          "M0 320v384c106.039 0 192-85.961 192-192s-85.961-192-192-192v0zM960 320c0-35.346-28.654-64-64-64s-64 28.654-64 64v0h-128v-102.4c35.346 0 64-28.654 64-64s-28.654-64-64-64v0-89.6h-384v89.6c-35.346 0-64 28.654-64 64s28.654 64 64 64v0 588.8c-35.346 0-64 28.654-64 64s28.654 64 64 64v0 89.6h384v-89.6c35.346 0 64-28.654 64-64s-28.654-64-64-64v0-102.4h128c0 35.346 28.654 64 64 64s64-28.654 64-64v0h64v-384z"
        ],
        "attrs": [
          {}
        ],
        "grid": 0,
        "tags": [
          "pipes_19"
        ],
        "isMulticolor": false,
        "isMulticolor2": false
      },
      "attrs": [
        {}
      ],
      "properties": {
        "order": 102,
        "id": 12,
        "name": "pipes_19",
        "prevSize": 32,
        "code": 59676
      },
      "setIdx": 0,
      "setId": 2,
      "iconIdx": 45
    },
    {
      "icon": {
        "paths": [
          "M512 192c106.039 0 192-85.961 192-192v0h-384c0 106.039 85.961 192 192 192v0zM934.4 320c0-35.346-28.654-64-64-64s-64 28.654-64 64v0h-588.8c0-35.346-28.654-64-64-64s-64 28.654-64 64v0h-89.6v384h89.6c0 35.346 28.654 64 64 64s64-28.654 64-64v0h102.4v128c-35.346 0-64 28.654-64 64s28.654 64 64 64v0 64h384v-64c35.346 0 64-28.654 64-64s-28.654-64-64-64v0-128h102.4c0 35.346 28.654 64 64 64s64-28.654 64-64v0h89.6v-384z"
        ],
        "attrs": [
          {}
        ],
        "grid": 0,
        "tags": [
          "pipes_20"
        ],
        "isMulticolor": false,
        "isMulticolor2": false
      },
      "attrs": [
        {}
      ],
      "properties": {
        "order": 103,
        "id": 11,
        "name": "pipes_20",
        "prevSize": 32,
        "code": 59677
      },
      "setIdx": 0,
      "setId": 2,
      "iconIdx": 46
    },
    {
      "icon": {
        "paths": [
          "M768 153.6c0-35.346-28.654-64-64-64v0-89.6h-384v89.6c-35.346 0-64 28.654-64 64s28.654 64 64 64v0 102.4h-128c0-35.346-28.654-64-64-64s-64 28.654-64 64v0h-64v384h64c0 35.346 28.654 64 64 64s64-28.654 64-64v0h128v102.4c-35.346 0-64 28.654-64 64s28.654 64 64 64v0 89.6h384v-89.6c35.346 0 64-28.654 64-64s-28.654-64-64-64v0-588.8c35.346 0 64-28.654 64-64v0zM1024 320c-106.039 0-192 85.961-192 192s85.961 192 192 192v0 0-384z"
        ],
        "attrs": [
          {}
        ],
        "grid": 0,
        "tags": [
          "pipes_21"
        ],
        "isMulticolor": false,
        "isMulticolor2": false
      },
      "attrs": [
        {}
      ],
      "properties": {
        "order": 104,
        "id": 10,
        "name": "pipes_21",
        "prevSize": 32,
        "code": 59678
      },
      "setIdx": 0,
      "setId": 2,
      "iconIdx": 47
    },
    {
      "icon": {
        "paths": [
          "M512 0l150.016 150.016h211.968v211.968l150.016 150.016-150.016 150.016v211.968h-211.968l-150.016 150.016-150.016-150.016h-211.968v-211.968l-150.016-150.016 150.016-150.016v-211.968h211.968l150.016-150.016z"
        ],
        "attrs": [
          {}
        ],
        "isMulticolor": false,
        "isMulticolor2": false,
        "grid": 0,
        "tags": [
          "Mesa de trabajo 11"
        ]
      },
      "attrs": [
        {}
      ],
      "properties": {
        "order": 105,
        "id": 9,
        "name": "Mesa-de-trabajo-11",
        "prevSize": 32,
        "code": 59654
      },
      "setIdx": 0,
      "setId": 2,
      "iconIdx": 48
    },
    {
      "icon": {
        "paths": [
          "M768 512c0 141.385-114.615 256-256 256s-256-114.615-256-256c0-141.385 114.615-256 256-256s256 114.615 256 256z",
          "M0 765.184v258.816h256s0-1.792 0-2.816c0-141.385-114.615-256-256-256v0zM0 0v258.816c141.385 0 256-114.615 256-256v0s0-2.816 0-2.816zM768 0c0 141.385 114.615 256 256 256v0-256zM768 1021.184s0 2.816 0 2.816h256v-258.816c-141.385 0-256 114.615-256 256v0z"
        ],
        "attrs": [
          {},
          {}
        ],
        "grid": 0,
        "tags": [
          "Mesa de trabajo 12"
        ],
        "isMulticolor": false,
        "isMulticolor2": false
      },
      "attrs": [
        {},
        {}
      ],
      "properties": {
        "order": 106,
        "id": 8,
        "name": "Mesa-de-trabajo-12",
        "prevSize": 32,
        "code": 59655
      },
      "setIdx": 0,
      "setId": 2,
      "iconIdx": 49
    },
    {
      "icon": {
        "paths": [
          "M512 0c0 282.77 229.23 512 512 512v0-512zM512 1024h512v-512c-282.77 0-512 229.23-512 512v0zM512 0h-512v512c282.77 0 512-229.23 512-512v0zM0 512v512h512c0-282.77-229.23-512-512-512v0z"
        ],
        "attrs": [
          {}
        ],
        "isMulticolor": false,
        "isMulticolor2": false,
        "grid": 0,
        "tags": [
          "Mesa de trabajo 13"
        ]
      },
      "attrs": [
        {}
      ],
      "properties": {
        "order": 107,
        "id": 7,
        "name": "Mesa-de-trabajo-13",
        "prevSize": 32,
        "code": 59656
      },
      "setIdx": 0,
      "setId": 2,
      "iconIdx": 50
    },
    {
      "icon": {
        "paths": [
          "M0 0v361.984l662.016 662.016h361.984v-361.984l-662.016-662.016zM0 1024h361.984l-361.984-361.984zM662.016 0l361.984 361.984v-361.984z"
        ],
        "attrs": [
          {}
        ],
        "isMulticolor": false,
        "isMulticolor2": false,
        "grid": 0,
        "tags": [
          "Mesa de trabajo 14"
        ]
      },
      "attrs": [
        {}
      ],
      "properties": {
        "order": 108,
        "id": 6,
        "name": "Mesa-de-trabajo-14",
        "prevSize": 32,
        "code": 59657
      },
      "setIdx": 0,
      "setId": 2,
      "iconIdx": 51
    },
    {
      "icon": {
        "paths": [
          "M1024 512c0 282.77-229.23 512-512 512s-512-229.23-512-512c0-282.77 229.23-512 512-512s512 229.23 512 512z"
        ],
        "attrs": [
          {}
        ],
        "isMulticolor": false,
        "isMulticolor2": false,
        "grid": 0,
        "tags": [
          "knit-dot_04"
        ]
      },
      "attrs": [
        {}
      ],
      "properties": {
        "order": 109,
        "id": 5,
        "name": "knit-dot_04",
        "prevSize": 32,
        "code": 59651
      },
      "setIdx": 0,
      "setId": 2,
      "iconIdx": 52
    },
    {
      "icon": {
        "paths": [
          "M0 0h1024v1024h-1024v-1024z"
        ],
        "attrs": [
          {}
        ],
        "isMulticolor": false,
        "isMulticolor2": false,
        "grid": 0,
        "tags": [
          "knit-dot_05"
        ]
      },
      "attrs": [
        {}
      ],
      "properties": {
        "order": 110,
        "id": 4,
        "name": "knit-dot_05",
        "prevSize": 32,
        "code": 59652
      },
      "setIdx": 0,
      "setId": 2,
      "iconIdx": 53
    },
    {
      "icon": {
        "paths": [
          "M1024 1024l-1024-1024h1024v1024z"
        ],
        "attrs": [
          {}
        ],
        "isMulticolor": false,
        "isMulticolor2": false,
        "grid": 0,
        "tags": [
          "knit-dot_06"
        ]
      },
      "attrs": [
        {}
      ],
      "properties": {
        "order": 111,
        "id": 3,
        "name": "knit-dot_06",
        "prevSize": 32,
        "code": 59653
      },
      "setIdx": 0,
      "setId": 2,
      "iconIdx": 54
    },
    {
      "icon": {
        "paths": [
          "M566.272 512l444.672-444.672c7.529-7.029 12.222-17.014 12.222-28.094 0-21.208-17.192-38.4-38.4-38.4-11.080 0-21.064 4.693-28.073 12.2l-0.021 0.022-444.672 444.672-444.672-444.672c-6.839-6.386-16.051-10.306-26.178-10.306-21.208 0-38.4 17.192-38.4 38.4 0 10.127 3.921 19.339 10.327 26.2l-0.021-0.022 444.672 444.672-444.672 444.672c-7.529 7.029-12.222 17.014-12.222 28.094 0 21.208 17.192 38.4 38.4 38.4 11.080 0 21.064-4.693 28.073-12.2l0.021-0.022 444.672-444.672 444.672 444.672c7.029 7.529 17.014 12.222 28.094 12.222 21.208 0 38.4-17.192 38.4-38.4 0-11.080-4.693-21.064-12.2-28.073l-0.022-0.021z"
        ],
        "attrs": [
          {}
        ],
        "isMulticolor": false,
        "isMulticolor2": false,
        "grid": 0,
        "tags": [
          "knit-dot_01"
        ]
      },
      "attrs": [
        {}
      ],
      "properties": {
        "order": 112,
        "id": 2,
        "name": "knit-dot_01",
        "prevSize": 32,
        "code": 59648
      },
      "setIdx": 0,
      "setId": 2,
      "iconIdx": 55
    },
    {
      "icon": {
        "paths": [
          "M620.544 512l377.856-378.624c10.095-12.876 16.189-29.309 16.189-47.165 0-42.415-34.385-76.8-76.8-76.8-17.856 0-34.289 6.094-47.332 16.315l0.168-0.127-378.624 377.856-378.624-377.856c-12.876-10.095-29.309-16.189-47.165-16.189-42.415 0-76.8 34.385-76.8 76.8 0 17.856 6.094 34.289 16.315 47.332l-0.127-0.168 377.856 378.624-377.856 378.624c-10.095 12.876-16.189 29.309-16.189 47.165 0 42.415 34.385 76.8 76.8 76.8 17.856 0 34.289-6.094 47.332-16.315l-0.168 0.127 378.624-377.856 378.624 377.856c14.185 18.107 36.052 29.635 60.611 29.635 42.415 0 76.8-34.385 76.8-76.8 0-24.559-11.528-46.426-29.468-60.485l-0.168-0.127z"
        ],
        "attrs": [
          {}
        ],
        "isMulticolor": false,
        "isMulticolor2": false,
        "grid": 0,
        "tags": [
          "knit-dot_02"
        ]
      },
      "attrs": [
        {}
      ],
      "properties": {
        "order": 113,
        "id": 1,
        "name": "knit-dot_02",
        "prevSize": 32,
        "code": 59649
      },
      "setIdx": 0,
      "setId": 2,
      "iconIdx": 56
    },
    {
      "icon": {
        "paths": [
          "M729.344 512l246.784-246.784c27.812-27.812 45.013-66.233 45.013-108.672 0-84.878-68.807-153.685-153.685-153.685-42.439 0-80.86 17.202-108.672 45.013l-246.784 246.784-246.784-246.784c-27.812-27.812-66.233-45.013-108.672-45.013-84.878 0-153.685 68.807-153.685 153.685 0 42.439 17.202 80.86 45.013 108.672l246.784 246.784-246.784 246.784c-27.812 27.812-45.013 66.233-45.013 108.672 0 84.878 68.807 153.685 153.685 153.685 42.439 0 80.86-17.202 108.672-45.013l246.784-246.784 246.784 246.784c27.812 27.812 66.233 45.013 108.672 45.013 84.878 0 153.685-68.807 153.685-153.685 0-42.439-17.202-80.86-45.013-108.672l0 0z"
        ],
        "attrs": [
          {}
        ],
        "isMulticolor": false,
        "isMulticolor2": false,
        "grid": 0,
        "tags": [
          "knit-dot_03"
        ]
      },
      "attrs": [
        {}
      ],
      "properties": {
        "order": 114,
        "id": 0,
        "name": "knit-dot_03",
        "prevSize": 32,
        "code": 59650
      },
      "setIdx": 0,
      "setId": 2,
      "iconIdx": 57
    }
  ],
  "height": 1024,
  "metadata": {
    "name": "icomoon"
  },
  "preferences": {
    "showGlyphs": true,
    "showQuickUse": true,
    "showQuickUse2": true,
    "showSVGs": true,
    "fontPref": {
      "prefix": "icon-",
      "metadata": {
        "fontFamily": "icomoon"
      },
      "metrics": {
        "emSize": 1024,
        "baseline": 6.25,
        "whitespace": 50
      },
      "embed": false
    },
    "imagePref": {
      "prefix": "icon-",
      "png": true,
      "useClassSelector": true,
      "color": 0,
      "bgColor": 16777215,
      "classSelector": ".icon"
    },
    "historySize": 100,
    "showCodes": true,
    "gridSize": 16
  }
}